Date,Upload Date,Channel,Video,Views
2021-04-11,2021-04-05,Carrie Underwood,How Great Thou Art,232404
2021-04-11,2021-04-05,Carrie Underwood,Nothing But The Blood Of Jesus,108115
2021-04-12,2021-04-05,Carrie Underwood,How Great Thou Art,265582
2021-04-12,2021-04-05,Carrie Underwood,Nothing But The Blood Of Jesus,116993
2021-04-13,2021-04-05,Carrie Underwood,How Great Thou Art,285336
2021-04-13,2021-04-05,Carrie Underwood,Nothing But The Blood Of Jesus,122524
2021-04-14,2021-04-05,Carrie Underwood,How Great Thou Art,302227
2021-04-14,2021-04-05,Carrie Underwood,Nothing But The Blood Of Jesus,127460
2021-04-15,2021-04-05,Carrie Underwood,How Great Thou Art,320637
2021-04-15,2021-04-05,Carrie Underwood,Nothing But The Blood Of Jesus,132353
2021-04-16,2020-12-03,David Bisbal,Tears Of Gold,5575964
2021-04-16,2021-04-05,Carrie Underwood,How Great Thou Art,339242
2021-04-16,2021-04-05,Carrie Underwood,Nothing But The Blood Of Jesus,137293
2021-04-17,2020-12-03,David Bisbal,Tears Of Gold,5621024
2021-04-17,2021-04-05,Carrie Underwood,How Great Thou Art,359230
2021-04-17,2021-04-05,Carrie Underwood,Nothing But The Blood Of Jesus,142564
2021-04-18,2020-12-03,David Bisbal,Tears Of Gold,5652907
2021-04-18,2021-04-05,Carrie Underwood,How Great Thou Art,378739
2021-04-18,2021-04-05,Carrie Underwood,Nothing But The Blood Of Jesus,147601
2021-04-19,2020-12-03,David Bisbal,Tears Of Gold,5682244
2021-04-19,2021-04-05,Carrie Underwood,How Great Thou Art,425387
2021-04-19,2021-04-05,Carrie Underwood,Nothing But The Blood Of Jesus,157117
2021-04-20,2020-12-03,David Bisbal,Tears Of Gold,5703803
2021-04-20,2021-04-05,Carrie Underwood,How Great Thou Art,455963
2021-04-20,2021-04-05,Carrie Underwood,Nothing But The Blood Of Jesus,165077
2021-04-21,2020-12-03,David Bisbal,Tears Of Gold,5727762
2021-04-21,2021-04-05,Carrie Underwood,How Great Thou Art,488990
2021-04-21,2021-04-05,Carrie Underwood,Nothing But The Blood Of Jesus,174086
2021-04-22,2020-12-03,David Bisbal,Tears Of Gold,5749107
2021-04-22,2021-04-05,Carrie Underwood,How Great Thou Art,511333
2021-04-22,2021-04-05,Carrie Underwood,Nothing But The Blood Of Jesus,180916
2021-04-23,2020-12-03,David Bisbal,Tears Of Gold,5771648
2021-04-23,2021-04-05,Carrie Underwood,How Great Thou Art,528204
2021-04-23,2021-04-05,Carrie Underwood,Nothing But The Blood Of Jesus,186722
2021-04-24,2020-12-03,David Bisbal,Tears Of Gold,5799370
2021-04-24,2021-04-05,Carrie Underwood,How Great Thou Art,549074
2021-04-24,2021-04-05,Carrie Underwood,Nothing But The Blood Of Jesus,193276
2021-04-25,2020-12-03,David Bisbal,Tears Of Gold,5819383
2021-04-25,2021-04-05,Carrie Underwood,How Great Thou Art,564020
2021-04-25,2021-04-05,Carrie Underwood,Nothing But The Blood Of Jesus,197564
2021-04-26,2020-12-03,David Bisbal,Tears Of Gold,5838841
2021-04-26,2021-04-05,Carrie Underwood,How Great Thou Art,579332
2021-04-26,2021-04-05,Carrie Underwood,Nothing But The Blood Of Jesus,202776
2021-04-27,2020-12-03,David Bisbal,Tears Of Gold,5859405
2021-04-27,2021-04-05,Carrie Underwood,How Great Thou Art,594910
2021-04-27,2021-04-05,Carrie Underwood,Nothing But The Blood Of Jesus,207587
2021-04-28,2020-12-03,David Bisbal,Tears Of Gold,5874281
2021-04-28,2021-04-05,Carrie Underwood,How Great Thou Art,603822
2021-04-28,2021-04-05,Carrie Underwood,Nothing But The Blood Of Jesus,210362
2021-04-29,2020-12-03,David Bisbal,Tears Of Gold,5893391
2021-04-29,2021-04-05,Carrie Underwood,How Great Thou Art,616383
2021-04-29,2021-04-05,Carrie Underwood,Nothing But The Blood Of Jesus,214180
2021-04-30,2020-12-03,David Bisbal,Tears Of Gold,5911508
2021-04-30,2021-04-05,Carrie Underwood,How Great Thou Art,627860
2021-04-30,2021-04-05,Carrie Underwood,Nothing But The Blood Of Jesus,217700
2021-05-01,2020-12-03,David Bisbal,Tears Of Gold,5934328
2021-05-01,2021-04-05,Carrie Underwood,How Great Thou Art,639665
2021-05-01,2021-04-05,Carrie Underwood,Nothing But The Blood Of Jesus,221506
2021-05-02,2020-12-03,David Bisbal,Tears Of Gold,5952330
2021-05-02,2021-04-05,Carrie Underwood,How Great Thou Art,650790
2021-05-02,2021-04-05,Carrie Underwood,Nothing But The Blood Of Jesus,225520
2021-05-03,2020-12-03,David Bisbal,Tears Of Gold,5967775
2021-05-03,2021-04-05,Carrie Underwood,How Great Thou Art,661655
2021-05-03,2021-04-05,Carrie Underwood,Nothing But The Blood Of Jesus,229040
2021-05-04,2020-12-03,David Bisbal,Tears Of Gold,5982640
2021-05-04,2021-04-05,Carrie Underwood,How Great Thou Art,671250
2021-05-04,2021-04-05,Carrie Underwood,Nothing But The Blood Of Jesus,231902
2021-05-08,2020-12-03,David Bisbal,Tears Of Gold,6038763
2021-05-08,2021-04-05,Carrie Underwood,How Great Thou Art,704450
2021-05-08,2021-04-05,Carrie Underwood,Nothing But The Blood Of Jesus,241900
2021-05-09,2020-12-03,David Bisbal,Tears Of Gold,6066169
2021-05-09,2021-04-05,Carrie Underwood,How Great Thou Art,722359
2021-05-09,2021-04-05,Carrie Underwood,Nothing But The Blood Of Jesus,246952
2021-05-10,2020-12-03,David Bisbal,Tears Of Gold,6078261
2021-05-10,2021-04-05,Carrie Underwood,How Great Thou Art,730404
2021-05-10,2021-04-05,Carrie Underwood,Nothing But The Blood Of Jesus,249330
2021-05-12,2020-12-03,David Bisbal,Tears Of Gold,6107024
2021-05-12,2021-04-05,Carrie Underwood,How Great Thou Art,750136
2021-05-12,2021-04-05,Carrie Underwood,Nothing But The Blood Of Jesus,255067
2021-05-13,2020-12-03,David Bisbal,Tears Of Gold,6119946
2021-05-13,2021-04-05,Carrie Underwood,How Great Thou Art,759402
2021-05-13,2021-04-05,Carrie Underwood,Nothing But The Blood Of Jesus,257549
2021-05-14,2020-12-03,David Bisbal,Tears Of Gold,6134570
2021-05-14,2021-04-05,Carrie Underwood,How Great Thou Art,769743
2021-05-14,2021-04-05,Carrie Underwood,Nothing But The Blood Of Jesus,260557
2021-05-16,2020-12-03,David Bisbal,Tears Of Gold,6165493
2021-05-16,2021-04-05,Carrie Underwood,How Great Thou Art,790089
2021-05-16,2021-04-05,Carrie Underwood,Nothing But The Blood Of Jesus,266337
2021-05-17,2020-12-03,David Bisbal,Tears Of Gold,6180787
2021-05-17,2021-04-05,Carrie Underwood,How Great Thou Art,801813
2021-05-17,2021-04-05,Carrie Underwood,Nothing But The Blood Of Jesus,269234
2021-05-18,2020-12-03,David Bisbal,Tears Of Gold,6193681
2021-05-18,2021-04-05,Carrie Underwood,How Great Thou Art,813425
2021-05-18,2021-04-05,Carrie Underwood,Nothing But The Blood Of Jesus,272080
2021-05-19,2020-12-03,David Bisbal,Tears Of Gold,6206300
2021-05-19,2021-04-05,Carrie Underwood,How Great Thou Art,824776
2021-05-19,2021-04-05,Carrie Underwood,Nothing But The Blood Of Jesus,274839
2021-05-20,2020-12-03,David Bisbal,Tears Of Gold,6217530
2021-05-20,2021-04-05,Carrie Underwood,How Great Thou Art,835470
2021-05-20,2021-04-05,Carrie Underwood,Nothing But The Blood Of Jesus,277286
2021-05-20,2021-05-20,NEEDTOBREATHE,I Wanna Remember,41529
2021-05-21,2020-12-03,David Bisbal,Tears Of Gold,6235025
2021-05-21,2021-04-05,Carrie Underwood,How Great Thou Art,849386
2021-05-21,2021-04-05,Carrie Underwood,Nothing But The Blood Of Jesus,280913
2021-05-21,2021-05-20,NEEDTOBREATHE,I Wanna Remember,139497
2021-05-22,2020-12-03,David Bisbal,Tears Of Gold,6250367
2021-05-22,2021-04-05,Carrie Underwood,How Great Thou Art,859441
2021-05-22,2021-04-05,Carrie Underwood,Nothing But The Blood Of Jesus,283130
2021-05-22,2021-05-20,NEEDTOBREATHE,I Wanna Remember,177862
2021-05-23,2020-12-03,David Bisbal,Tears Of Gold,6264005
2021-05-23,2021-04-05,Carrie Underwood,How Great Thou Art,871666
2021-05-23,2021-04-05,Carrie Underwood,Nothing But The Blood Of Jesus,285858
2021-05-23,2021-05-20,NEEDTOBREATHE,I Wanna Remember,214585
2021-05-24,2020-12-03,David Bisbal,Tears Of Gold,6277445
2021-05-24,2021-04-05,Carrie Underwood,How Great Thou Art,885816
2021-05-24,2021-04-05,Carrie Underwood,Nothing But The Blood Of Jesus,289055
2021-05-24,2021-05-20,NEEDTOBREATHE,I Wanna Remember,260079
2021-05-25,2020-12-03,David Bisbal,Tears Of Gold,6288851
2021-05-25,2021-04-05,Carrie Underwood,How Great Thou Art,895926
2021-05-25,2021-04-05,Carrie Underwood,Nothing But The Blood Of Jesus,291278
2021-05-25,2021-05-20,NEEDTOBREATHE,I Wanna Remember,290805
2021-05-26,2020-12-03,David Bisbal,Tears Of Gold,6300739
2021-05-26,2021-04-05,Carrie Underwood,How Great Thou Art,907051
2021-05-26,2021-04-05,Carrie Underwood,Nothing But The Blood Of Jesus,293956
2021-05-26,2021-05-20,NEEDTOBREATHE,I Wanna Remember,320977
2021-05-27,2020-12-03,David Bisbal,Tears Of Gold,6313083
2021-05-27,2021-04-05,Carrie Underwood,How Great Thou Art,918913
2021-05-27,2021-04-05,Carrie Underwood,Nothing But The Blood Of Jesus,296474
2021-05-27,2021-05-20,NEEDTOBREATHE,I Wanna Remember,349752
2021-05-28,2020-12-03,David Bisbal,Tears Of Gold,6326277
2021-05-28,2021-04-05,Carrie Underwood,How Great Thou Art,931808
2021-05-28,2021-04-05,Carrie Underwood,Nothing But The Blood Of Jesus,298942
2021-05-28,2021-05-20,NEEDTOBREATHE,I Wanna Remember,374323
2021-05-29,2020-12-03,David Bisbal,Tears Of Gold,6343019
2021-05-29,2021-04-05,Carrie Underwood,How Great Thou Art,944449
2021-05-29,2021-04-05,Carrie Underwood,Nothing But The Blood Of Jesus,301589
2021-05-29,2021-05-20,NEEDTOBREATHE,I Wanna Remember,396632
2021-05-31,2020-12-03,David Bisbal,Tears Of Gold,6366714
2021-05-31,2021-04-05,Carrie Underwood,How Great Thou Art,967535
2021-05-31,2021-04-05,Carrie Underwood,Nothing But The Blood Of Jesus,306047
2021-05-31,2021-05-20,NEEDTOBREATHE,I Wanna Remember,436153
2021-06-01,2020-12-03,David Bisbal,Tears Of Gold,6377664
2021-06-01,2021-04-05,Carrie Underwood,How Great Thou Art,977652
2021-06-01,2021-04-05,Carrie Underwood,Nothing But The Blood Of Jesus,308449
2021-06-01,2021-05-20,NEEDTOBREATHE,I Wanna Remember,455609
2021-06-02,2020-12-03,David Bisbal,Tears Of Gold,6390874
2021-06-02,2021-04-05,Carrie Underwood,How Great Thou Art,987976
2021-06-02,2021-04-05,Carrie Underwood,Nothing But The Blood Of Jesus,311003
2021-06-02,2021-05-20,NEEDTOBREATHE,I Wanna Remember,482158
2021-06-03,2020-12-03,David Bisbal,Tears Of Gold,6403852
2021-06-03,2021-04-05,Carrie Underwood,How Great Thou Art,997684
2021-06-03,2021-04-05,Carrie Underwood,Nothing But The Blood Of Jesus,313282
2021-06-03,2021-05-20,NEEDTOBREATHE,I Wanna Remember,507705
2021-06-04,2020-12-03,David Bisbal,Tears Of Gold,6417003
2021-06-04,2021-04-05,Carrie Underwood,How Great Thou Art,1008236
2021-06-04,2021-04-05,Carrie Underwood,Nothing But The Blood Of Jesus,315516
2021-06-04,2021-05-20,NEEDTOBREATHE,I Wanna Remember,538530
2021-06-05,2020-12-03,David Bisbal,Tears Of Gold,6431091
2021-06-05,2021-04-05,Carrie Underwood,How Great Thou Art,1017836
2021-06-05,2021-04-05,Carrie Underwood,Nothing But The Blood Of Jesus,317574
2021-06-05,2021-05-20,NEEDTOBREATHE,I Wanna Remember,562221
2021-06-06,2020-12-03,David Bisbal,Tears Of Gold,6444784
2021-06-06,2021-04-05,Carrie Underwood,How Great Thou Art,1028155
2021-06-06,2021-04-05,Carrie Underwood,Nothing But The Blood Of Jesus,319922
2021-06-06,2021-05-20,NEEDTOBREATHE,I Wanna Remember,585663
2021-06-07,2020-12-03,David Bisbal,Tears Of Gold,6454425
2021-06-07,2021-04-05,Carrie Underwood,How Great Thou Art,1035552
2021-06-07,2021-04-05,Carrie Underwood,Nothing But The Blood Of Jesus,321640
2021-06-07,2021-05-20,NEEDTOBREATHE,I Wanna Remember,605296
2021-06-08,2020-12-03,David Bisbal,Tears Of Gold,6465607
2021-06-08,2021-04-05,Carrie Underwood,How Great Thou Art,1043621
2021-06-08,2021-04-05,Carrie Underwood,Nothing But The Blood Of Jesus,323466
2021-06-08,2021-05-20,NEEDTOBREATHE,I Wanna Remember,626677
2021-06-09,2020-12-03,David Bisbal,Tears Of Gold,6477596
2021-06-09,2021-04-05,Carrie Underwood,How Great Thou Art,1052872
2021-06-09,2021-04-05,Carrie Underwood,Nothing But The Blood Of Jesus,325441
2021-06-09,2021-05-20,NEEDTOBREATHE,I Wanna Remember,651820
2021-06-10,2020-12-03,David Bisbal,Tears Of Gold,6488143
2021-06-10,2021-04-05,Carrie Underwood,How Great Thou Art,1062595
2021-06-10,2021-04-05,Carrie Underwood,Nothing But The Blood Of Jesus,327755
2021-06-10,2021-05-20,NEEDTOBREATHE,I Wanna Remember,680447
2021-06-11,2020-12-03,David Bisbal,Tears Of Gold,6500670
2021-06-11,2021-04-05,Carrie Underwood,How Great Thou Art,1074017
2021-06-11,2021-04-05,Carrie Underwood,Nothing But The Blood Of Jesus,330699
2021-06-11,2021-05-20,NEEDTOBREATHE,I Wanna Remember,708078
2021-06-18,2020-12-03,David Bisbal,Tears Of Gold,6581347
2021-06-18,2021-04-05,Carrie Underwood,How Great Thou Art,1144208
2021-06-18,2021-04-05,Carrie Underwood,Nothing But The Blood Of Jesus,346195
2021-06-18,2021-05-20,NEEDTOBREATHE,I Wanna Remember,809193
2021-06-19,2020-12-03,David Bisbal,Tears Of Gold,6593608
2021-06-19,2021-04-05,Carrie Underwood,How Great Thou Art,1153187
2021-06-19,2021-04-05,Carrie Underwood,Nothing But The Blood Of Jesus,348403
2021-06-19,2021-05-20,NEEDTOBREATHE,I Wanna Remember,819633
2021-06-21,2020-12-03,David Bisbal,Tears Of Gold,6613998
2021-06-21,2021-04-05,Carrie Underwood,How Great Thou Art,1171957
2021-06-21,2021-04-05,Carrie Underwood,Nothing But The Blood Of Jesus,352779
2021-06-21,2021-05-20,NEEDTOBREATHE,I Wanna Remember,837788
2021-06-22,2020-12-03,David Bisbal,Tears Of Gold,6625690
2021-06-22,2021-04-05,Carrie Underwood,How Great Thou Art,1181363
2021-06-22,2021-04-05,Carrie Underwood,Nothing But The Blood Of Jesus,355160
2021-06-22,2021-05-20,NEEDTOBREATHE,I Wanna Remember,848334
2021-06-24,2020-12-03,David Bisbal,Tears Of Gold,6645961
2021-06-24,2021-04-05,Carrie Underwood,How Great Thou Art,1196964
2021-06-24,2021-04-05,Carrie Underwood,Nothing But The Blood Of Jesus,359051
2021-06-24,2021-05-20,NEEDTOBREATHE,I Wanna Remember,864983
2021-06-26,2020-12-03,David Bisbal,Tears Of Gold,6670610
2021-06-26,2021-04-05,Carrie Underwood,How Great Thou Art,1213800
2021-06-26,2021-04-05,Carrie Underwood,Nothing But The Blood Of Jesus,363509
2021-06-26,2021-05-20,NEEDTOBREATHE,I Wanna Remember,884242
2021-06-27,2020-12-03,David Bisbal,Tears Of Gold,6680984
2021-06-27,2021-04-05,Carrie Underwood,How Great Thou Art,1222232
2021-06-27,2021-04-05,Carrie Underwood,Nothing But The Blood Of Jesus,365580
2021-06-27,2021-05-20,NEEDTOBREATHE,I Wanna Remember,891201
2021-06-28,2020-12-03,David Bisbal,Tears Of Gold,6690688
2021-06-28,2021-04-05,Carrie Underwood,How Great Thou Art,1230944
2021-06-28,2021-04-05,Carrie Underwood,Nothing But The Blood Of Jesus,367719
2021-06-28,2021-05-20,NEEDTOBREATHE,I Wanna Remember,899931
2021-06-29,2020-12-03,David Bisbal,Tears Of Gold,6700625
2021-06-29,2021-04-05,Carrie Underwood,How Great Thou Art,1239302
2021-06-29,2021-04-05,Carrie Underwood,Nothing But The Blood Of Jesus,369619
2021-06-29,2021-05-20,NEEDTOBREATHE,I Wanna Remember,908033
2021-06-30,2020-12-03,David Bisbal,Tears Of Gold,6710962
2021-06-30,2021-04-05,Carrie Underwood,How Great Thou Art,1248909
2021-06-30,2021-04-05,Carrie Underwood,Nothing But The Blood Of Jesus,371574
2021-06-30,2021-05-20,NEEDTOBREATHE,I Wanna Remember,916825
2021-07-03,2020-12-03,David Bisbal,Tears Of Gold,6743987
2021-07-03,2021-04-05,Carrie Underwood,How Great Thou Art,1275371
2021-07-03,2021-04-05,Carrie Underwood,Nothing But The Blood Of Jesus,377042
2021-07-03,2021-05-20,NEEDTOBREATHE,I Wanna Remember,939245
2021-07-08,2020-12-03,David Bisbal,Tears Of Gold,6792034
2021-07-08,2021-04-05,Carrie Underwood,How Great Thou Art,1317674
2021-07-08,2021-04-05,Carrie Underwood,Nothing But The Blood Of Jesus,384590
2021-07-08,2021-05-20,NEEDTOBREATHE,I Wanna Remember,972221
2021-07-25,2020-12-03,David Bisbal,Tears Of Gold,6935702
2021-07-25,2021-04-05,Carrie Underwood,How Great Thou Art,1474783
2021-07-25,2021-04-05,Carrie Underwood,Nothing But The Blood Of Jesus,411194
2021-07-25,2021-05-20,NEEDTOBREATHE,I Wanna Remember,1069063
2021-07-26,2020-12-03,David Bisbal,Tears Of Gold,6947882
2021-07-26,2021-04-05,Carrie Underwood,How Great Thou Art,1492095
2021-07-26,2021-04-05,Carrie Underwood,Nothing But The Blood Of Jesus,414143
2021-07-26,2021-05-20,NEEDTOBREATHE,I Wanna Remember,1078106
2021-07-27,2020-12-03,David Bisbal,Tears Of Gold,6954397
2021-07-27,2021-04-05,Carrie Underwood,How Great Thou Art,1501725
2021-07-27,2021-04-05,Carrie Underwood,Nothing But The Blood Of Jesus,415832
2021-07-27,2021-05-20,NEEDTOBREATHE,I Wanna Remember,1083829
2021-07-31,2020-12-03,David Bisbal,Tears Of Gold,6984478
2021-07-31,2021-04-05,Carrie Underwood,How Great Thou Art,1545458
2021-07-31,2021-04-05,Carrie Underwood,Nothing But The Blood Of Jesus,422339
2021-07-31,2021-05-20,NEEDTOBREATHE,I Wanna Remember,1113229
2021-08-02,2020-12-03,David Bisbal,Tears Of Gold,6997815
2021-08-02,2021-04-05,Carrie Underwood,How Great Thou Art,1566721
2021-08-02,2021-04-05,Carrie Underwood,Nothing But The Blood Of Jesus,424898
2021-08-02,2021-05-20,NEEDTOBREATHE,I Wanna Remember,1125767
2021-08-14,2020-12-03,David Bisbal,Tears Of Gold,7077458
2021-08-14,2021-04-05,Carrie Underwood,How Great Thou Art,1708622
2021-08-14,2021-04-05,Carrie Underwood,Nothing But The Blood Of Jesus,441591
2021-08-14,2021-05-20,NEEDTOBREATHE,I Wanna Remember,1198213
2021-08-25,2020-12-03,David Bisbal,Tears Of Gold,7144745
2021-08-25,2021-04-05,Carrie Underwood,How Great Thou Art,1846242
2021-08-25,2021-04-05,Carrie Underwood,Nothing But The Blood Of Jesus,456085
2021-08-25,2021-05-20,NEEDTOBREATHE,I Wanna Remember,1253499
2021-09-01,2020-12-03,David Bisbal,Tears Of Gold,7185461
2021-09-01,2021-04-05,Carrie Underwood,How Great Thou Art,1928286
2021-09-01,2021-04-05,Carrie Underwood,Nothing But The Blood Of Jesus,465110
2021-09-01,2021-05-20,NEEDTOBREATHE,I Wanna Remember,1286476
2021-09-03,2020-12-03,David Bisbal,Tears Of Gold,7194623
2021-09-03,2021-04-05,Carrie Underwood,How Great Thou Art,1945952
2021-09-03,2021-04-05,Carrie Underwood,Nothing But The Blood Of Jesus,467328
2021-09-03,2021-05-20,NEEDTOBREATHE,I Wanna Remember,1294759
2021-09-03,2021-09-03,Carrie Underwood,Only Us,12794
2021-09-04,2020-12-03,David Bisbal,Tears Of Gold,7204059
2021-09-04,2021-04-05,Carrie Underwood,How Great Thou Art,1961773
2021-09-04,2021-04-05,Carrie Underwood,Nothing But The Blood Of Jesus,469278
2021-09-04,2021-05-20,NEEDTOBREATHE,I Wanna Remember,1301467
2021-09-04,2021-09-03,Carrie Underwood,Only Us,117468
2021-09-05,2020-12-03,David Bisbal,Tears Of Gold,7208996
2021-09-05,2021-04-05,Carrie Underwood,How Great Thou Art,1971705
2021-09-05,2021-04-05,Carrie Underwood,Nothing But The Blood Of Jesus,470544
2021-09-05,2021-05-20,NEEDTOBREATHE,I Wanna Remember,1304360
2021-09-05,2021-09-03,Carrie Underwood,Only Us,158474
2021-09-08,2020-12-03,David Bisbal,Tears Of Gold,7224841
2021-09-08,2021-04-05,Carrie Underwood,How Great Thou Art,2005763
2021-09-08,2021-04-05,Carrie Underwood,Nothing But The Blood Of Jesus,474125
2021-09-08,2021-05-20,NEEDTOBREATHE,I Wanna Remember,1318555
2021-09-08,2021-09-03,Carrie Underwood,Only Us,298029
2021-09-09,2020-12-03,David Bisbal,Tears Of Gold,7230262
2021-09-09,2021-04-05,Carrie Underwood,How Great Thou Art,2018384
2021-09-09,2021-04-05,Carrie Underwood,Nothing But The Blood Of Jesus,475363
2021-09-09,2021-05-20,NEEDTOBREATHE,I Wanna Remember,1323938
2021-09-09,2021-09-03,Carrie Underwood,Only Us,352920
2021-09-10,2020-12-03,David Bisbal,Tears Of Gold,7235070
2021-09-10,2021-04-05,Carrie Underwood,How Great Thou Art,2028102
2021-09-10,2021-04-05,Carrie Underwood,Nothing But The Blood Of Jesus,476328
2021-09-10,2021-05-20,NEEDTOBREATHE,I Wanna Remember,1328018
2021-09-10,2021-09-03,Carrie Underwood,Only Us,393667
2021-09-12,2020-12-03,David Bisbal,Tears Of Gold,7247013
2021-09-12,2021-04-05,Carrie Underwood,How Great Thou Art,2053199
2021-09-12,2021-04-05,Carrie Underwood,Nothing But The Blood Of Jesus,479051
2021-09-12,2021-05-20,NEEDTOBREATHE,I Wanna Remember,1336433
2021-09-12,2021-09-03,Carrie Underwood,Only Us,476840
2021-09-13,2020-12-03,David Bisbal,Tears Of Gold,7252728
2021-09-13,2021-04-05,Carrie Underwood,How Great Thou Art,2066225
2021-09-13,2021-04-05,Carrie Underwood,Nothing But The Blood Of Jesus,480503
2021-09-13,2021-05-20,NEEDTOBREATHE,I Wanna Remember,1341939
2021-09-13,2021-09-03,Carrie Underwood,Only Us,519585
2021-09-14,2020-12-03,David Bisbal,Tears Of Gold,7258186
2021-09-14,2021-04-05,Carrie Underwood,How Great Thou Art,2077271
2021-09-14,2021-04-05,Carrie Underwood,Nothing But The Blood Of Jesus,481596
2021-09-14,2021-05-20,NEEDTOBREATHE,I Wanna Remember,1346399
2021-09-14,2021-09-03,Carrie Underwood,Only Us,549944
2021-09-17,2020-12-03,David Bisbal,Tears Of Gold,7275617
2021-09-17,2021-04-05,Carrie Underwood,How Great Thou Art,2111719
2021-09-17,2021-04-05,Carrie Underwood,Nothing But The Blood Of Jesus,484832
2021-09-17,2021-05-20,NEEDTOBREATHE,I Wanna Remember,1361465
2021-09-17,2021-09-03,Carrie Underwood,Only Us,647161
2021-09-20,2020-12-03,David Bisbal,Tears Of Gold,7295452
2021-09-20,2021-04-05,Carrie Underwood,How Great Thou Art,2147230
2021-09-20,2021-04-05,Carrie Underwood,Nothing But The Blood Of Jesus,488342
2021-09-20,2021-05-20,NEEDTOBREATHE,I Wanna Remember,1374995
2021-09-20,2021-09-03,Carrie Underwood,Only Us,732044
2021-09-21,2020-12-03,David Bisbal,Tears Of Gold,7300909
2021-09-21,2021-04-05,Carrie Underwood,How Great Thou Art,2159006
2021-09-21,2021-04-05,Carrie Underwood,Nothing But The Blood Of Jesus,489560
2021-09-21,2021-05-20,NEEDTOBREATHE,I Wanna Remember,1379584
2021-09-21,2021-09-03,Carrie Underwood,Only Us,758861
2021-09-24,2020-12-03,David Bisbal,Tears Of Gold,7317272
2021-09-24,2021-04-05,Carrie Underwood,How Great Thou Art,2192671
2021-09-24,2021-04-05,Carrie Underwood,Nothing But The Blood Of Jesus,492813
2021-09-24,2021-05-20,NEEDTOBREATHE,I Wanna Remember,1392587
2021-09-24,2021-09-03,Carrie Underwood,Only Us,841787
2021-09-28,2020-12-03,David Bisbal,Tears Of Gold,7338390
2021-09-28,2021-04-05,Carrie Underwood,How Great Thou Art,2236024
2021-09-28,2021-04-05,Carrie Underwood,Nothing But The Blood Of Jesus,497199
2021-09-28,2021-05-20,NEEDTOBREATHE,I Wanna Remember,1407914
2021-09-28,2021-09-03,Carrie Underwood,Only Us,945440
2021-10-02,2020-12-03,David Bisbal,Tears Of Gold,7360071
2021-10-02,2021-04-05,Carrie Underwood,How Great Thou Art,2281115
2021-10-02,2021-04-05,Carrie Underwood,Nothing But The Blood Of Jesus,501862
2021-10-02,2021-05-20,NEEDTOBREATHE,I Wanna Remember,1425157
2021-10-02,2021-09-03,Carrie Underwood,Only Us,1052333
2021-10-03,2020-12-03,David Bisbal,Tears Of Gold,7365269
2021-10-03,2021-04-05,Carrie Underwood,How Great Thou Art,2292527
2021-10-03,2021-04-05,Carrie Underwood,Nothing But The Blood Of Jesus,502885
2021-10-03,2021-05-20,NEEDTOBREATHE,I Wanna Remember,1428350
2021-10-03,2021-09-03,Carrie Underwood,Only Us,1078812
2021-10-07,2020-12-03,David Bisbal,Tears Of Gold,7383947
2021-10-07,2021-04-05,Carrie Underwood,How Great Thou Art,2336870
2021-10-07,2021-04-05,Carrie Underwood,Nothing But The Blood Of Jesus,507206
2021-10-07,2021-05-20,NEEDTOBREATHE,I Wanna Remember,1444453
2021-10-07,2021-09-03,Carrie Underwood,Only Us,1188958
2021-10-12,2020-12-03,David Bisbal,Tears Of Gold,7406929
2021-10-12,2021-04-05,Carrie Underwood,How Great Thou Art,2395406
2021-10-12,2021-04-05,Carrie Underwood,Nothing But The Blood Of Jesus,512878
2021-10-12,2021-05-20,NEEDTOBREATHE,I Wanna Remember,1463545
2021-10-12,2021-09-03,Carrie Underwood,Only Us,1318401
2021-10-14,2020-12-03,David Bisbal,Tears Of Gold,7415122
2021-10-14,2021-04-05,Carrie Underwood,How Great Thou Art,2417955
2021-10-14,2021-04-05,Carrie Underwood,Nothing But The Blood Of Jesus,515096
2021-10-14,2021-05-20,NEEDTOBREATHE,I Wanna Remember,1471408
2021-10-14,2021-09-03,Carrie Underwood,Only Us,1340614
2021-10-17,2020-12-03,David Bisbal,Tears Of Gold,7430465
2021-10-17,2021-04-05,Carrie Underwood,How Great Thou Art,2452091
2021-10-17,2021-04-05,Carrie Underwood,Nothing But The Blood Of Jesus,518377
2021-10-17,2021-05-20,NEEDTOBREATHE,I Wanna Remember,1481537
2021-10-17,2021-09-03,Carrie Underwood,Only Us,1370960
2021-10-20,2020-12-03,David Bisbal,Tears Of Gold,7442838
2021-10-20,2021-04-05,Carrie Underwood,How Great Thou Art,2486549
2021-10-20,2021-04-05,Carrie Underwood,Nothing But The Blood Of Jesus,521592
2021-10-20,2021-05-20,NEEDTOBREATHE,I Wanna Remember,1493445
2021-10-20,2021-09-03,Carrie Underwood,Only Us,1399917
2021-10-30,2020-12-03,David Bisbal,Tears Of Gold,7502388
2021-10-30,2021-04-05,Carrie Underwood,How Great Thou Art,2596872
2021-10-30,2021-04-05,Carrie Underwood,Nothing But The Blood Of Jesus,532074
2021-10-30,2021-05-20,NEEDTOBREATHE,I Wanna Remember,1527232
2021-10-30,2021-09-03,Carrie Underwood,Only Us,1484248
2021-11-01,2020-12-03,David Bisbal,Tears Of Gold,7515249
2021-11-01,2021-04-05,Carrie Underwood,How Great Thou Art,2617998
2021-11-01,2021-04-05,Carrie Underwood,Nothing But The Blood Of Jesus,533959
2021-11-01,2021-05-20,NEEDTOBREATHE,I Wanna Remember,1532772
2021-11-01,2021-09-03,Carrie Underwood,Only Us,1499754
2021-11-06,2020-12-03,David Bisbal,Tears Of Gold,7539050
2021-11-06,2021-04-05,Carrie Underwood,How Great Thou Art,2669449
2021-11-06,2021-04-05,Carrie Underwood,Nothing But The Blood Of Jesus,538535
2021-11-06,2021-05-20,NEEDTOBREATHE,I Wanna Remember,1546360
2021-11-06,2021-09-03,Carrie Underwood,Only Us,1535715
2021-11-27,2020-12-03,David Bisbal,Tears Of Gold,7642593
2021-11-27,2021-04-05,Carrie Underwood,How Great Thou Art,2918724
2021-11-27,2021-04-05,Carrie Underwood,Nothing But The Blood Of Jesus,560124
2021-11-27,2021-05-20,NEEDTOBREATHE,I Wanna Remember,1598089
2021-11-27,2021-09-03,Carrie Underwood,Only Us,1655587
2021-12-14,2020-12-03,David Bisbal,Tears Of Gold,7722866
2021-12-14,2021-04-05,Carrie Underwood,How Great Thou Art,3145417
2021-12-14,2021-04-05,Carrie Underwood,Nothing But The Blood Of Jesus,576826
2021-12-14,2021-05-20,NEEDTOBREATHE,I Wanna Remember,1630008
2021-12-14,2021-09-03,Carrie Underwood,Only Us,1733577
2021-12-19,2020-12-03,David Bisbal,Tears Of Gold,7744239
2021-12-19,2021-04-05,Carrie Underwood,How Great Thou Art,3221770
2021-12-19,2021-04-05,Carrie Underwood,Nothing But The Blood Of Jesus,581464
2021-12-19,2021-05-20,NEEDTOBREATHE,I Wanna Remember,1647689
2021-12-19,2021-09-03,Carrie Underwood,Only Us,1753698
2021-12-21,2020-12-03,David Bisbal,Tears Of Gold,7752414
2021-12-21,2021-04-05,Carrie Underwood,How Great Thou Art,3254910
2021-12-21,2021-04-05,Carrie Underwood,Nothing But The Blood Of Jesus,583532
2021-12-21,2021-05-20,NEEDTOBREATHE,I Wanna Remember,1664313
2021-12-21,2021-09-03,Carrie Underwood,Only Us,1762102
2021-12-22,2020-12-03,David Bisbal,Tears Of Gold,7756388
2021-12-22,2021-04-05,Carrie Underwood,How Great Thou Art,3272995
2021-12-22,2021-04-05,Carrie Underwood,Nothing But The Blood Of Jesus,584630
2021-12-22,2021-05-20,NEEDTOBREATHE,I Wanna Remember,1671876
2021-12-22,2021-09-03,Carrie Underwood,Only Us,1765714
2021-12-23,2020-12-03,David Bisbal,Tears Of Gold,7759752
2021-12-23,2021-04-05,Carrie Underwood,How Great Thou Art,3287123
2021-12-23,2021-04-05,Carrie Underwood,Nothing But The Blood Of Jesus,585546
2021-12-23,2021-05-20,NEEDTOBREATHE,I Wanna Remember,1677165
2021-12-23,2021-09-03,Carrie Underwood,Only Us,1768523
2021-12-29,2020-12-03,David Bisbal,Tears Of Gold,7786937
2021-12-29,2021-04-05,Carrie Underwood,How Great Thou Art,3385397
2021-12-29,2021-04-05,Carrie Underwood,Nothing But The Blood Of Jesus,591304
2021-12-29,2021-05-20,NEEDTOBREATHE,I Wanna Remember,1725844
2021-12-29,2021-09-03,Carrie Underwood,Only Us,1789387
2022-01-03,2020-12-03,David Bisbal,Tears Of Gold,7809503
2022-01-03,2021-04-05,Carrie Underwood,How Great Thou Art,3438860
2022-01-03,2021-04-05,Carrie Underwood,Nothing But The Blood Of Jesus,595329
2022-01-03,2021-05-20,NEEDTOBREATHE,I Wanna Remember,1775071
2022-01-03,2021-09-03,Carrie Underwood,Only Us,1807399
2022-01-08,2020-12-03,David Bisbal,Tears Of Gold,7828982
2022-01-08,2021-04-05,Carrie Underwood,How Great Thou Art,3484635
2022-01-08,2021-04-05,Carrie Underwood,Nothing But The Blood Of Jesus,599361
2022-01-08,2021-05-20,NEEDTOBREATHE,I Wanna Remember,1815594
2022-01-08,2021-09-03,Carrie Underwood,Only Us,1826914
2022-01-17,2020-12-03,David Bisbal,Tears Of Gold,7862043
2022-01-17,2021-04-05,Carrie Underwood,How Great Thou Art,3557334
2022-01-17,2021-04-05,Carrie Underwood,Nothing But The Blood Of Jesus,606409
2022-01-17,2021-05-20,NEEDTOBREATHE,I Wanna Remember,1830969
2022-01-17,2021-09-03,Carrie Underwood,Only Us,1859452
2022-01-31,2020-12-03,David Bisbal,Tears Of Gold,7924934
2022-01-31,2021-04-05,Carrie Underwood,How Great Thou Art,3681469
2022-01-31,2021-04-05,Carrie Underwood,Nothing But The Blood Of Jesus,618960
2022-01-31,2021-05-20,NEEDTOBREATHE,I Wanna Remember,1856958
2022-01-31,2021-09-03,Carrie Underwood,Only Us,1920077
2022-02-09,2020-12-03,David Bisbal,Tears Of Gold,7963546
2022-02-09,2021-04-05,Carrie Underwood,How Great Thou Art,3753947
2022-02-09,2021-04-05,Carrie Underwood,Nothing But The Blood Of Jesus,627585
2022-02-09,2021-05-20,NEEDTOBREATHE,I Wanna Remember,1873722
2022-02-09,2021-09-03,Carrie Underwood,Only Us,1961963
2022-02-24,2020-12-03,David Bisbal,Tears Of Gold,8027318
2022-02-24,2021-04-05,Carrie Underwood,How Great Thou Art,3866809
2022-02-24,2021-04-05,Carrie Underwood,Nothing But The Blood Of Jesus,640801
2022-02-24,2021-05-20,NEEDTOBREATHE,I Wanna Remember,1900207
2022-02-24,2021-09-03,Carrie Underwood,Only Us,2032139
2022-03-01,2020-12-03,David Bisbal,Tears Of Gold,8048664
2022-03-01,2021-04-05,Carrie Underwood,How Great Thou Art,3905288
2022-03-01,2021-04-05,Carrie Underwood,Nothing But The Blood Of Jesus,645459
2022-03-01,2021-05-20,NEEDTOBREATHE,I Wanna Remember,1908210
2022-03-01,2021-09-03,Carrie Underwood,Only Us,2053739
2022-03-03,2020-12-03,David Bisbal,Tears Of Gold,8056431
2022-03-03,2021-04-05,Carrie Underwood,How Great Thou Art,3921808
2022-03-03,2021-04-05,Carrie Underwood,Nothing But The Blood Of Jesus,647331
2022-03-03,2021-05-20,NEEDTOBREATHE,I Wanna Remember,1911722
2022-03-03,2021-09-03,Carrie Underwood,Only Us,2063359
2022-03-11,2020-12-03,David Bisbal,Tears Of Gold,8085037
2022-03-11,2021-04-05,Carrie Underwood,How Great Thou Art,3989534
2022-03-11,2021-04-05,Carrie Underwood,Nothing But The Blood Of Jesus,654060
2022-03-11,2021-05-20,NEEDTOBREATHE,I Wanna Remember,1923695
2022-03-11,2021-09-03,Carrie Underwood,Only Us,2100296
2022-03-13,2020-12-03,David Bisbal,Tears Of Gold,8092206
2022-03-13,2021-04-05,Carrie Underwood,How Great Thou Art,4006852
2022-03-13,2021-04-05,Carrie Underwood,Nothing But The Blood Of Jesus,655830
2022-03-13,2021-05-20,NEEDTOBREATHE,I Wanna Remember,1926354
2022-03-13,2021-09-03,Carrie Underwood,Only Us,2108729
2022-03-14,2020-12-03,David Bisbal,Tears Of Gold,8096722
2022-03-14,2021-04-05,Carrie Underwood,How Great Thou Art,4018875
2022-03-14,2021-04-05,Carrie Underwood,Nothing But The Blood Of Jesus,657014
2022-03-14,2021-05-20,NEEDTOBREATHE,I Wanna Remember,1928416
2022-03-14,2021-09-03,Carrie Underwood,Only Us,2115141
2022-03-15,2020-12-03,David Bisbal,Tears Of Gold,8099442
2022-03-15,2021-04-05,Carrie Underwood,How Great Thou Art,4025820
2022-03-15,2021-04-05,Carrie Underwood,Nothing But The Blood Of Jesus,657704
2022-03-15,2021-05-20,NEEDTOBREATHE,I Wanna Remember,1929690
2022-03-15,2021-09-03,Carrie Underwood,Only Us,2118967
2022-03-19,2020-12-03,David Bisbal,Tears Of Gold,8110951
2022-03-19,2021-04-05,Carrie Underwood,How Great Thou Art,4053346
2022-03-19,2021-04-05,Carrie Underwood,Nothing But The Blood Of Jesus,660332
2022-03-19,2021-05-20,NEEDTOBREATHE,I Wanna Remember,1934488
2022-03-19,2021-09-03,Carrie Underwood,Only Us,2134324
2022-03-19,2022-03-17,Carrie Underwood,Ghost Story,111769
2022-03-20,2020-12-03,David Bisbal,Tears Of Gold,8118904
2022-03-20,2021-04-05,Carrie Underwood,How Great Thou Art,4069801
2022-03-20,2021-04-05,Carrie Underwood,Nothing But The Blood Of Jesus,661833
2022-03-20,2021-05-20,NEEDTOBREATHE,I Wanna Remember,1936985
2022-03-20,2021-09-03,Carrie Underwood,Only Us,2142207
2022-03-20,2022-03-17,Carrie Underwood,Ghost Story,224817
2022-03-21,2020-12-03,David Bisbal,Tears Of Gold,8122174
2022-03-21,2021-04-05,Carrie Underwood,How Great Thou Art,4076787
2022-03-21,2021-04-05,Carrie Underwood,Nothing But The Blood Of Jesus,662504
2022-03-21,2021-05-20,NEEDTOBREATHE,I Wanna Remember,1938325
2022-03-21,2021-09-03,Carrie Underwood,Only Us,2146137
2022-03-21,2022-03-17,Carrie Underwood,Ghost Story,263172
2022-03-22,2020-12-03,David Bisbal,Tears Of Gold,8125762
2022-03-22,2021-04-05,Carrie Underwood,How Great Thou Art,4085240
2022-03-22,2021-04-05,Carrie Underwood,Nothing But The Blood Of Jesus,663324
2022-03-22,2021-05-20,NEEDTOBREATHE,I Wanna Remember,1939946
2022-03-22,2021-09-03,Carrie Underwood,Only Us,2150689
2022-03-22,2022-03-17,Carrie Underwood,Ghost Story,308688
2022-03-23,2020-12-03,David Bisbal,Tears Of Gold,8129804
2022-03-23,2021-04-05,Carrie Underwood,How Great Thou Art,4095420
2022-03-23,2021-04-05,Carrie Underwood,Nothing But The Blood Of Jesus,664313
2022-03-23,2021-05-20,NEEDTOBREATHE,I Wanna Remember,1941852
2022-03-23,2021-09-03,Carrie Underwood,Only Us,2156010
2022-03-23,2022-03-17,Carrie Underwood,Ghost Story,353528
2022-03-24,2020-12-03,David Bisbal,Tears Of Gold,8132873
2022-03-24,2021-04-05,Carrie Underwood,How Great Thou Art,4103065
2022-03-24,2021-04-05,Carrie Underwood,Nothing But The Blood Of Jesus,664962
2022-03-24,2021-05-20,NEEDTOBREATHE,I Wanna Remember,1943113
2022-03-24,2021-09-03,Carrie Underwood,Only Us,2159839
2022-03-24,2022-03-17,Carrie Underwood,Ghost Story,378993
2022-03-25,2020-12-03,David Bisbal,Tears Of Gold,8137576
2022-03-25,2021-04-05,Carrie Underwood,How Great Thou Art,4114712
2022-03-25,2021-04-05,Carrie Underwood,Nothing But The Blood Of Jesus,666053
2022-03-25,2021-05-20,NEEDTOBREATHE,I Wanna Remember,1945066
2022-03-25,2021-09-03,Carrie Underwood,Only Us,2165537
2022-03-25,2022-03-17,Carrie Underwood,Ghost Story,417577
2022-03-26,2020-12-03,David Bisbal,Tears Of Gold,8141999
2022-03-26,2021-04-05,Carrie Underwood,How Great Thou Art,4123691
2022-03-26,2021-04-05,Carrie Underwood,Nothing But The Blood Of Jesus,666868
2022-03-26,2021-05-20,NEEDTOBREATHE,I Wanna Remember,1946469
2022-03-26,2021-09-03,Carrie Underwood,Only Us,2169401
2022-03-26,2022-03-17,Carrie Underwood,Ghost Story,442819
2022-03-27,2020-12-03,David Bisbal,Tears Of Gold,8144590
2022-03-27,2021-04-05,Carrie Underwood,How Great Thou Art,4129387
2022-03-27,2021-04-05,Carrie Underwood,Nothing But The Blood Of Jesus,667465
2022-03-27,2021-05-20,NEEDTOBREATHE,I Wanna Remember,1947127
2022-03-27,2021-09-03,Carrie Underwood,Only Us,2171659
2022-03-27,2022-03-17,Carrie Underwood,Ghost Story,455215
2022-03-28,2020-12-03,David Bisbal,Tears Of Gold,8149223
2022-03-28,2021-04-05,Carrie Underwood,How Great Thou Art,4139705
2022-03-28,2021-04-05,Carrie Underwood,Nothing But The Blood Of Jesus,668419
2022-03-28,2021-05-20,NEEDTOBREATHE,I Wanna Remember,1948890
2022-03-28,2021-09-03,Carrie Underwood,Only Us,2176209
2022-03-28,2022-03-17,Carrie Underwood,Ghost Story,477775
2022-03-29,2020-12-03,David Bisbal,Tears Of Gold,8153222
2022-03-29,2021-04-05,Carrie Underwood,How Great Thou Art,4148695
2022-03-29,2021-04-05,Carrie Underwood,Nothing But The Blood Of Jesus,669328
2022-03-29,2021-05-20,NEEDTOBREATHE,I Wanna Remember,1950539
2022-03-29,2021-09-03,Carrie Underwood,Only Us,2180649
2022-03-29,2022-03-17,Carrie Underwood,Ghost Story,498653
2022-03-30,2020-12-03,David Bisbal,Tears Of Gold,8157304
2022-03-30,2021-04-05,Carrie Underwood,How Great Thou Art,4157391
2022-03-30,2021-04-05,Carrie Underwood,Nothing But The Blood Of Jesus,670219
2022-03-30,2021-05-20,NEEDTOBREATHE,I Wanna Remember,1952196
2022-03-30,2021-09-03,Carrie Underwood,Only Us,2185181
2022-03-30,2022-03-17,Carrie Underwood,Ghost Story,518678
2022-03-31,2020-12-03,David Bisbal,Tears Of Gold,8161109
2022-03-31,2021-04-05,Carrie Underwood,How Great Thou Art,4165714
2022-03-31,2021-04-05,Carrie Underwood,Nothing But The Blood Of Jesus,670954
2022-03-31,2021-05-20,NEEDTOBREATHE,I Wanna Remember,1953680
2022-03-31,2021-09-03,Carrie Underwood,Only Us,2189368
2022-03-31,2022-03-17,Carrie Underwood,Ghost Story,535481
2022-04-01,2020-12-03,David Bisbal,Tears Of Gold,8166032
2022-04-01,2021-04-05,Carrie Underwood,How Great Thou Art,4175476
2022-04-01,2021-04-05,Carrie Underwood,Nothing But The Blood Of Jesus,671873
2022-04-01,2021-05-20,NEEDTOBREATHE,I Wanna Remember,1955523
2022-04-01,2021-09-03,Carrie Underwood,Only Us,2194397
2022-04-01,2022-03-17,Carrie Underwood,Ghost Story,554790
2022-04-03,2020-12-03,David Bisbal,Tears Of Gold,8176629
2022-04-03,2021-04-05,Carrie Underwood,How Great Thou Art,4195967
2022-04-03,2021-04-05,Carrie Underwood,Nothing But The Blood Of Jesus,673987
2022-04-03,2021-05-20,NEEDTOBREATHE,I Wanna Remember,1958896
2022-04-03,2021-09-03,Carrie Underwood,Only Us,2203592
2022-04-03,2022-03-17,Carrie Underwood,Ghost Story,580440
2022-04-04,2020-12-03,David Bisbal,Tears Of Gold,8180342
2022-04-04,2021-04-05,Carrie Underwood,How Great Thou Art,4203417
2022-04-04,2021-04-05,Carrie Underwood,Nothing But The Blood Of Jesus,675500
2022-04-04,2021-05-20,NEEDTOBREATHE,I Wanna Remember,1960278
2022-04-04,2021-09-03,Carrie Underwood,Only Us,2207695
2022-04-04,2022-03-17,Carrie Underwood,Ghost Story,603241
2022-04-05,2020-12-03,David Bisbal,Tears Of Gold,8184317
2022-04-05,2021-04-05,Carrie Underwood,How Great Thou Art,4212408
2022-04-05,2021-04-05,Carrie Underwood,Nothing But The Blood Of Jesus,676369
2022-04-05,2021-05-20,NEEDTOBREATHE,I Wanna Remember,1962116
2022-04-05,2021-09-03,Carrie Underwood,Only Us,2212583
2022-04-05,2022-03-17,Carrie Underwood,Ghost Story,624845
2022-04-06,2016-09-20,CMAVEVO,Forever Country,54299615
2022-04-06,2018-03-02,Carrie Underwood,The Champion,81108908
2022-04-06,2020-12-03,David Bisbal,Tears Of Gold,8188194
2022-04-06,2021-04-05,Carrie Underwood,How Great Thou Art,4221125
2022-04-06,2021-04-05,Carrie Underwood,Nothing But The Blood Of Jesus,677289
2022-04-06,2021-05-20,NEEDTOBREATHE,I Wanna Remember,1964056
2022-04-06,2021-09-03,Carrie Underwood,Only Us,2217214
2022-04-06,2022-03-17,Carrie Underwood,Ghost Story,640868
2022-04-07,2016-09-20,CMAVEVO,Forever Country,54316363
2022-04-07,2018-03-02,Carrie Underwood,The Champion,81133020
2022-04-07,2020-12-03,David Bisbal,Tears Of Gold,8192087
2022-04-07,2021-04-05,Carrie Underwood,How Great Thou Art,4230159
2022-04-07,2021-04-05,Carrie Underwood,Nothing But The Blood Of Jesus,678317
2022-04-07,2021-05-20,NEEDTOBREATHE,I Wanna Remember,1965930
2022-04-07,2021-09-03,Carrie Underwood,Only Us,2222333
2022-04-07,2022-03-17,Carrie Underwood,Ghost Story,656961
2022-04-08,2016-09-20,CMAVEVO,Forever Country,54338112
2022-04-08,2018-03-02,Carrie Underwood,The Champion,81162924
2022-04-08,2020-12-03,David Bisbal,Tears Of Gold,8196231
2022-04-08,2021-04-05,Carrie Underwood,How Great Thou Art,4240707
2022-04-08,2021-04-05,Carrie Underwood,Nothing But The Blood Of Jesus,679374
2022-04-08,2021-05-20,NEEDTOBREATHE,I Wanna Remember,1968045
2022-04-08,2021-09-03,Carrie Underwood,Only Us,2227886
2022-04-08,2022-03-17,Carrie Underwood,Ghost Story,674575
2022-04-08,2022-04-07,Carrie Underwood,Denim & Rhinestones,47062
2022-04-09,2016-09-20,CMAVEVO,Forever Country,54357780
2022-04-09,2018-03-02,Carrie Underwood,The Champion,81187144
2022-04-09,2020-12-03,David Bisbal,Tears Of Gold,8200295
2022-04-09,2021-04-05,Carrie Underwood,How Great Thou Art,4249406
2022-04-09,2021-04-05,Carrie Underwood,Nothing But The Blood Of Jesus,680424
2022-04-09,2021-05-20,NEEDTOBREATHE,I Wanna Remember,1969528
2022-04-09,2021-09-03,Carrie Underwood,Only Us,2232209
2022-04-09,2022-03-17,Carrie Underwood,Ghost Story,686882
2022-04-09,2022-04-07,Carrie Underwood,Denim & Rhinestones,79274
2022-04-10,2016-09-20,CMAVEVO,Forever Country,54375690
2022-04-10,2018-03-02,Carrie Underwood,The Champion,81211638
2022-04-10,2020-12-03,David Bisbal,Tears Of Gold,8204110
2022-04-10,2021-04-05,Carrie Underwood,How Great Thou Art,4259018
2022-04-10,2021-04-05,Carrie Underwood,Nothing But The Blood Of Jesus,681628
2022-04-10,2021-05-20,NEEDTOBREATHE,I Wanna Remember,1971000
2022-04-10,2021-09-03,Carrie Underwood,Only Us,2236459
2022-04-10,2022-03-17,Carrie Underwood,Ghost Story,698807
2022-04-10,2022-04-07,Carrie Underwood,Denim & Rhinestones,105431
2022-04-11,2016-09-20,CMAVEVO,Forever Country,54389574
2022-04-11,2018-03-02,Carrie Underwood,The Champion,81234804
2022-04-11,2020-12-03,David Bisbal,Tears Of Gold,8207337
2022-04-11,2021-04-05,Carrie Underwood,How Great Thou Art,4266788
2022-04-11,2021-04-05,Carrie Underwood,Nothing But The Blood Of Jesus,682491
2022-04-11,2021-05-20,NEEDTOBREATHE,I Wanna Remember,1972620
2022-04-11,2021-09-03,Carrie Underwood,Only Us,2240924
2022-04-11,2022-03-17,Carrie Underwood,Ghost Story,709799
2022-04-11,2022-04-07,Carrie Underwood,Denim & Rhinestones,125069
2022-04-12,2016-09-20,CMAVEVO,Forever Country,54404995
2022-04-12,2018-03-02,Carrie Underwood,The Champion,81259812
2022-04-12,2020-12-03,David Bisbal,Tears Of Gold,8210899
2022-04-12,2021-04-05,Carrie Underwood,How Great Thou Art,4275620
2022-04-12,2021-04-05,Carrie Underwood,Nothing But The Blood Of Jesus,683444
2022-04-12,2021-05-20,NEEDTOBREATHE,I Wanna Remember,1974430
2022-04-12,2021-09-03,Carrie Underwood,Only Us,2245897
2022-04-12,2022-03-17,Carrie Underwood,Ghost Story,727375
2022-04-12,2022-04-07,Carrie Underwood,Denim & Rhinestones,147203
2022-04-14,2016-09-20,CMAVEVO,Forever Country,54436297
2022-04-14,2018-03-02,Carrie Underwood,The Champion,81310118
2022-04-14,2020-12-03,David Bisbal,Tears Of Gold,8218255
2022-04-14,2021-04-05,Carrie Underwood,How Great Thou Art,4293105
2022-04-14,2021-04-05,Carrie Underwood,Nothing But The Blood Of Jesus,686105
2022-04-14,2021-05-20,NEEDTOBREATHE,I Wanna Remember,1978116
2022-04-14,2021-09-03,Carrie Underwood,Only Us,2255853
2022-04-14,2022-03-17,Carrie Underwood,Ghost Story,755170
2022-04-14,2022-04-07,Carrie Underwood,Denim & Rhinestones,182073
2022-04-15,2016-09-20,CMAVEVO,Forever Country,54458224
2022-04-15,2018-03-02,Carrie Underwood,The Champion,81341186
2022-04-15,2020-12-03,David Bisbal,Tears Of Gold,8222217
2022-04-15,2021-04-05,Carrie Underwood,How Great Thou Art,4305918
2022-04-15,2021-04-05,Carrie Underwood,Nothing But The Blood Of Jesus,687948
2022-04-15,2021-05-20,NEEDTOBREATHE,I Wanna Remember,1980127
2022-04-15,2021-09-03,Carrie Underwood,Only Us,2261136
2022-04-15,2022-03-17,Carrie Underwood,Ghost Story,769653
2022-04-15,2022-04-07,Carrie Underwood,Denim & Rhinestones,200004
2022-04-17,2016-09-20,CMAVEVO,Forever Country,54491348
2022-04-17,2018-03-02,Carrie Underwood,The Champion,81380953
2022-04-17,2020-12-03,David Bisbal,Tears Of Gold,8228631
2022-04-17,2021-04-05,Carrie Underwood,How Great Thou Art,4329329
2022-04-17,2021-04-05,Carrie Underwood,Nothing But The Blood Of Jesus,691374
2022-04-17,2021-05-20,NEEDTOBREATHE,I Wanna Remember,1982699
2022-04-17,2021-09-03,Carrie Underwood,Only Us,2269632
2022-04-17,2022-03-17,Carrie Underwood,Ghost Story,786317
2022-04-17,2022-04-07,Carrie Underwood,Denim & Rhinestones,222229
2022-04-18,2016-09-20,CMAVEVO,Forever Country,54508593
2022-04-18,2018-03-02,Carrie Underwood,The Champion,81405384
2022-04-18,2020-12-03,David Bisbal,Tears Of Gold,8232509
2022-04-18,2021-04-05,Carrie Underwood,How Great Thou Art,4341550
2022-04-18,2021-04-05,Carrie Underwood,Nothing But The Blood Of Jesus,692896
2022-04-18,2021-05-20,NEEDTOBREATHE,I Wanna Remember,1984615
2022-04-18,2021-09-03,Carrie Underwood,Only Us,2274255
2022-04-18,2022-03-17,Carrie Underwood,Ghost Story,797409
2022-04-18,2022-04-07,Carrie Underwood,Denim & Rhinestones,237411
2022-04-19,2016-09-20,CMAVEVO,Forever Country,54523933
2022-04-19,2018-03-02,Carrie Underwood,The Champion,81429998
2022-04-19,2020-12-03,David Bisbal,Tears Of Gold,8236123
2022-04-19,2021-04-05,Carrie Underwood,How Great Thou Art,4350999
2022-04-19,2021-04-05,Carrie Underwood,Nothing But The Blood Of Jesus,693939
2022-04-19,2021-05-20,NEEDTOBREATHE,I Wanna Remember,1986452
2022-04-19,2021-09-03,Carrie Underwood,Only Us,2279317
2022-04-19,2022-03-17,Carrie Underwood,Ghost Story,808804
2022-04-19,2022-04-07,Carrie Underwood,Denim & Rhinestones,252414
2022-04-20,2016-09-20,CMAVEVO,Forever Country,54539797
2022-04-20,2018-03-02,Carrie Underwood,The Champion,81455291
2022-04-20,2020-12-03,David Bisbal,Tears Of Gold,8239719
2022-04-20,2021-04-05,Carrie Underwood,How Great Thou Art,4359907
2022-04-20,2021-04-05,Carrie Underwood,Nothing But The Blood Of Jesus,695062
2022-04-20,2021-05-20,NEEDTOBREATHE,I Wanna Remember,1988242
2022-04-20,2021-09-03,Carrie Underwood,Only Us,2284133
2022-04-20,2022-03-17,Carrie Underwood,Ghost Story,820640
2022-04-20,2022-04-07,Carrie Underwood,Denim & Rhinestones,267465
2022-04-21,2016-09-20,CMAVEVO,Forever Country,54554280
2022-04-21,2018-03-02,Carrie Underwood,The Champion,81477667
2022-04-21,2020-12-03,David Bisbal,Tears Of Gold,8243322
2022-04-21,2021-04-05,Carrie Underwood,How Great Thou Art,4367828
2022-04-21,2021-04-05,Carrie Underwood,Nothing But The Blood Of Jesus,695948
2022-04-21,2021-05-20,NEEDTOBREATHE,I Wanna Remember,1989988
2022-04-21,2021-09-03,Carrie Underwood,Only Us,2290164
2022-04-21,2022-03-17,Carrie Underwood,Ghost Story,830582
2022-04-21,2022-04-07,Carrie Underwood,Denim & Rhinestones,280294
2022-04-22,2016-09-20,CMAVEVO,Forever Country,54573067
2022-04-22,2018-03-02,Carrie Underwood,The Champion,81505475
2022-04-22,2020-12-03,David Bisbal,Tears Of Gold,8247510
2022-04-22,2021-04-05,Carrie Underwood,How Great Thou Art,4377053
2022-04-22,2021-04-05,Carrie Underwood,Nothing But The Blood Of Jesus,696852
2022-04-22,2021-05-20,NEEDTOBREATHE,I Wanna Remember,1991975
2022-04-22,2021-09-03,Carrie Underwood,Only Us,2295065
2022-04-22,2022-03-17,Carrie Underwood,Ghost Story,842753
2022-04-22,2022-04-07,Carrie Underwood,Denim & Rhinestones,288905
2022-04-22,2022-04-21,Carrie Underwood,Crazy Angels,41225
2022-04-23,2016-09-20,CMAVEVO,Forever Country,54590171
2022-04-23,2018-03-02,Carrie Underwood,The Champion,81528592
2022-04-23,2020-12-03,David Bisbal,Tears Of Gold,8251274
2022-04-23,2021-04-05,Carrie Underwood,How Great Thou Art,4384193
2022-04-23,2021-04-05,Carrie Underwood,Nothing But The Blood Of Jesus,697597
2022-04-23,2021-05-20,NEEDTOBREATHE,I Wanna Remember,1993365
2022-04-23,2021-09-03,Carrie Underwood,Only Us,2298376
2022-04-23,2022-03-17,Carrie Underwood,Ghost Story,851358
2022-04-23,2022-04-07,Carrie Underwood,Denim & Rhinestones,292847
2022-04-23,2022-04-21,Carrie Underwood,Crazy Angels,80405
2022-04-24,2016-09-20,CMAVEVO,Forever Country,54607546
2022-04-24,2018-03-02,Carrie Underwood,The Champion,81550335
2022-04-24,2020-12-03,David Bisbal,Tears Of Gold,8254987
2022-04-24,2021-04-05,Carrie Underwood,How Great Thou Art,4392580
2022-04-24,2021-04-05,Carrie Underwood,Nothing But The Blood Of Jesus,698442
2022-04-24,2021-05-20,NEEDTOBREATHE,I Wanna Remember,1994780
2022-04-24,2021-09-03,Carrie Underwood,Only Us,2301847
2022-04-24,2022-03-17,Carrie Underwood,Ghost Story,859697
2022-04-24,2022-04-07,Carrie Underwood,Denim & Rhinestones,296534
2022-04-24,2022-04-21,Carrie Underwood,Crazy Angels,115036
2022-04-25,2016-09-20,CMAVEVO,Forever Country,54623805
2022-04-25,2018-03-02,Carrie Underwood,The Champion,81573907
2022-04-25,2020-12-03,David Bisbal,Tears Of Gold,8258442
2022-04-25,2021-04-05,Carrie Underwood,How Great Thou Art,4401108
2022-04-25,2021-04-05,Carrie Underwood,Nothing But The Blood Of Jesus,699282
2022-04-25,2021-05-20,NEEDTOBREATHE,I Wanna Remember,1996573
2022-04-25,2021-09-03,Carrie Underwood,Only Us,2305923
2022-04-25,2022-03-17,Carrie Underwood,Ghost Story,869773
2022-04-25,2022-04-07,Carrie Underwood,Denim & Rhinestones,300560
2022-04-25,2022-04-21,Carrie Underwood,Crazy Angels,148431
2022-04-26,2016-09-20,CMAVEVO,Forever Country,54639650
2022-04-26,2018-03-02,Carrie Underwood,The Champion,81598220
2022-04-26,2020-12-03,David Bisbal,Tears Of Gold,8261849
2022-04-26,2021-04-05,Carrie Underwood,How Great Thou Art,4409336
2022-04-26,2021-04-05,Carrie Underwood,Nothing But The Blood Of Jesus,700105
2022-04-26,2021-05-20,NEEDTOBREATHE,I Wanna Remember,1998478
2022-04-26,2021-09-03,Carrie Underwood,Only Us,2309975
2022-04-26,2022-03-17,Carrie Underwood,Ghost Story,880050
2022-04-26,2022-04-07,Carrie Underwood,Denim & Rhinestones,304423
2022-04-26,2022-04-21,Carrie Underwood,Crazy Angels,176512
2022-04-27,2016-09-20,CMAVEVO,Forever Country,54655174
2022-04-27,2018-03-02,Carrie Underwood,The Champion,81621572
2022-04-27,2020-12-03,David Bisbal,Tears Of Gold,8265273
2022-04-27,2021-04-05,Carrie Underwood,How Great Thou Art,4417210
2022-04-27,2021-04-05,Carrie Underwood,Nothing But The Blood Of Jesus,700836
2022-04-27,2021-05-20,NEEDTOBREATHE,I Wanna Remember,2000390
2022-04-27,2021-09-03,Carrie Underwood,Only Us,2313985
2022-04-27,2022-03-17,Carrie Underwood,Ghost Story,890121
2022-04-27,2022-04-07,Carrie Underwood,Denim & Rhinestones,307907
2022-04-27,2022-04-21,Carrie Underwood,Crazy Angels,200121
2022-04-30,2016-09-20,CMAVEVO,Forever Country,54698613
2022-04-30,2018-03-02,Carrie Underwood,The Champion,81686869
2022-04-30,2020-12-03,David Bisbal,Tears Of Gold,8274653
2022-04-30,2021-04-05,Carrie Underwood,How Great Thou Art,4438618
2022-04-30,2021-04-05,Carrie Underwood,Nothing But The Blood Of Jesus,702861
2022-04-30,2021-05-20,NEEDTOBREATHE,I Wanna Remember,2005090
2022-04-30,2021-09-03,Carrie Underwood,Only Us,2324700
2022-04-30,2022-03-17,Carrie Underwood,Ghost Story,914601
2022-04-30,2022-04-07,Carrie Underwood,Denim & Rhinestones,320004
2022-04-30,2022-04-21,Carrie Underwood,Crazy Angels,255077
